"id","name","price","stock","description","image"
1,"AD01","900","0","Undangan Blangko","AD01.jpeg"
2,"AD02","900","100","Undangan Blangko","AD02.jpeg"
3,"AD03","900","100","Undangan Blangko","AD03.jpeg"
4,"AD04","900","100","Undangan Blangko","AD04.jpeg"
5,"AD05","900","100","Undangan Blangko","AD05.jpeg"
6,"AD06","900","100","Undangan Blangko","AD06.jpeg"
7,"AD07","1600","100","Undangan Blangko","AD07.jpeg"
8,"AD08","1600","100","Undangan Blangko","AD08.jpeg"
9,"AD09","900","100","Undangan Blangko","AD09.jpeg"
10,"AD10","900","100","Undangan Blangko","AD10.jpeg"
11,"AD11","900","100","Undangan Blangko","AD11.jpeg"
12,"AD12","900","100","Undangan Blangko","AD12.jpeg"
13,"AD13","900","100","Undangan Blangko","AD13.jpeg"
14,"AD14","900","100","Undangan Blangko","AD14.jpeg"
15,"AD15","1600","100","Undangan Blangko","AD15.jpeg"
16,"AD16","1100","100","Undangan Blangko","AD16.jpeg"
17,"AD17","900","100","Undangan Blangko","AD17.jpeg"
18,"AD18","1700","100","Undangan Blangko","AD18.jpeg"
19,"AD19","1100","100","Undangan Blangko","AD19.jpeg"
20,"AD20","900","100","Undangan Blangko","AD20.jpeg"
21,"AD21","900","100","Undangan Blangko","AD21.jpeg"
22,"AD22","900","100","Undangan Blangko","AD22.jpeg"
23,"AD23","900","100","Undangan Blangko","AD23.jpeg"
24,"AD24","900","100","Undangan Blangko","AD24.jpeg"
25,"AD25","960","100","Undangan Blangko","AD25.jpeg"
26,"AD26","1100","100","Undangan Blangko","AD26.jpeg"
27,"AD27","600","100","Undangan Blangko","AD27.jpeg"
28,"AD28","950","100","Undangan Blangko","AD28.jpeg"
29,"AD29","900","100","Undangan Blangko","AD29.jpeg"
30,"AD30","950","100","Undangan Blangko","AD30.jpeg"
31,"AD31","950","100","Undangan Blangko","AD31.jpeg"
32,"AD32","900","100","Undangan Blangko","AD32.jpeg"
33,"AD33","900","100","Undangan Blangko","AD33.jpeg"
34,"AD34","950","100","Undangan Blangko","AD34.jpeg"
35,"AD35","800","100","Undangan Blangko","AD35.jpeg"
36,"AD36","650","100","Undangan Blangko","AD36.jpeg"
37,"AD37","1750","100","Undangan Blangko","AD37.jpeg"
38,"AD38","1600","100","Undangan Blangko","AD38.jpeg"
39,"AD39","950","100","Undangan Blangko","AD39.jpeg"
40,"AD40","1050","100","Undangan Blangko","AD40.jpeg"
41,"AD41","750","100","Undangan Blangko","AD41.jpeg"
42,"AD42","450","100","Undangan Blangko","AD42.jpeg"
43,"AD43","970","100","Undangan Blangko","AD43.jpeg"
44,"AD44","970","100","Undangan Blangko","AD44.jpeg"
45,"AD45","970","100","Undangan Blangko","AD45.jpeg"
46,"AD46","970","100","Undangan Blangko","AD46.jpeg"
47,"AD47","970","100","Undangan Blangko","AD47.jpeg"
48,"AD48","970","100","Undangan Blangko","AD48.jpeg"
49,"AD49","1700","100","Undangan Blangko","AD49.jpeg"
50,"AD50","650","100","Undangan Blangko","AD50.jpeg"
51,"AD51","1050","100","Undangan Blangko","AD51.jpeg"
52,"AD52","1050","100","Undangan Blangko","AD52.jpeg"
53,"AD53","970","100","Undangan Blangko","AD53.jpeg"
54,"AD54","650","100","Undangan Blangko","AD54.jpeg"
55,"AD55","650","100","Undangan Blangko","AD55.jpeg"
56,"AD56","650","100","Undangan Blangko","AD56.jpeg"
57,"AD57","650","100","Undangan Blangko","AD57.jpeg"
58,"AD58","650","100","Undangan Blangko","AD58.jpeg"
59,"AD59","970","100","Undangan Blangko","AD59.jpeg"
60,"AD60","1050","100","Undangan Blangko","AD60.jpeg"